routename,routelink
Vijayawada to Hyderabad,https://www.redbus.in/bus-tickets/vijayawada-to-hyderabad
Hyderabad to Vijayawada,https://www.redbus.in/bus-tickets/hyderabad-to-vijayawada
Kakinada to Visakhapatnam,https://www.redbus.in/bus-tickets/kakinada-to-visakhapatnam
Visakhapatnam to Kakinada,https://www.redbus.in/bus-tickets/visakhapatnam-to-kakinada
Chittoor (Andhra Pradesh) to Bangalore,https://www.redbus.in/bus-tickets/chittoor-andhra-pradesh-to-bangalore
Kadapa to Bangalore,https://www.redbus.in/bus-tickets/kadapa-to-bangalore
Anantapur (andhra pradesh) to Bangalore,https://www.redbus.in/bus-tickets/ananthapur-to-bangalore
Tirupati to Bangalore,https://www.redbus.in/bus-tickets/tirupathi-to-bangalore
Visakhapatnam to Vijayawada,https://www.redbus.in/bus-tickets/visakhapatnam-to-vijayawada
Ongole to Hyderabad,https://www.redbus.in/bus-tickets/ongole-to-hyderabad
Bangalore to Tirupati,https://www.redbus.in/bus-tickets/bangalore-to-tirupathi
Macherla (andhra pradesh) to Hyderabad,https://www.redbus.in/bus-tickets/macherla-to-hyderabad
Rajahmundry to Visakhapatnam,https://www.redbus.in/bus-tickets/rajahmundry-to-visakhapatnam
Nandyal to Hyderabad,https://www.redbus.in/bus-tickets/nandyala-to-hyderabad
Bangalore to Kadapa,https://www.redbus.in/bus-tickets/bangalore-to-kadapa
Hyderabad to Ongole,https://www.redbus.in/bus-tickets/hyderabad-to-ongole
Guntur (Andhra Pradesh) to Hyderabad,https://www.redbus.in/bus-tickets/guntur-to-hyderabad
Vijayawada to Visakhapatnam,https://www.redbus.in/bus-tickets/vijayawada-to-visakhapatnam
Rajahmundry to Vijayawada,https://www.redbus.in/bus-tickets/rajahmundry-to-vijayawada
Hyderabad to Kurnool,https://www.redbus.in/bus-tickets/hyderabad-to-kurnool
Bangalore to Chittoor (Andhra Pradesh),https://www.redbus.in/bus-tickets/bangalore-to-chittoor-andhra-pradesh
Kurnool to Hyderabad,https://www.redbus.in/bus-tickets/kurnool-to-hyderabad
Visakhapatnam to Rajahmundry,https://www.redbus.in/bus-tickets/visakhapatnam-to-rajahmundry
Rayachoti to Bangalore,https://www.redbus.in/bus-tickets/rayachoti-to-bangalore
Vinukonda to Hyderabad,https://www.redbus.in/bus-tickets/vinukonda-to-hyderabad
Bangalore to Anantapur (andhra pradesh),https://www.redbus.in/bus-tickets/bangalore-to-ananthapur
Amalapuram to Visakhapatnam,https://www.redbus.in/bus-tickets/amalapuram-to-visakhapatnam
Vijayawada to Tirupati,https://www.redbus.in/bus-tickets/vijayawada-to-tirupathi
Madanapalli to Bangalore,https://www.redbus.in/bus-tickets/madanapalli-to-bangalore
Narasaraopet to Hyderabad,https://www.redbus.in/bus-tickets/narsaraopet-to-hyderabad
Eluru to Hyderabad,https://www.redbus.in/bus-tickets/eluru-to-hyderabad
Visakhapatnam to Amalapuram,https://www.redbus.in/bus-tickets/visakhapatnam-to-amalapuram
Kadiri to Bangalore,https://www.redbus.in/bus-tickets/kadiri-to-bangalore
Chennai to Tirupati,https://www.redbus.in/bus-tickets/chennai-to-tirupathi
Rajahmundry to Hyderabad,https://www.redbus.in/bus-tickets/rajahmundry-to-hyderabad
Kurnool to Vijayawada,https://www.redbus.in/bus-tickets/kurnool-to-vijayawada
Vijayawada to Kurnool,https://www.redbus.in/bus-tickets/vijayawada-to-kurnool
Kakinada to Vijayawada,https://www.redbus.in/bus-tickets/kakinada-to-vijayawada
Bangalore to Madanapalli,https://www.redbus.in/bus-tickets/bangalore-to-madanapalli
Nellore to Bangalore,https://www.redbus.in/bus-tickets/nellore-to-bangalore
Hyderabad to Narasaraopet,https://www.redbus.in/bus-tickets/hyderabad-to-narsaraopet
Hyderabad to Guntur (Andhra Pradesh),https://www.redbus.in/bus-tickets/hyderabad-to-guntur
Bangalore to Kadiri,https://www.redbus.in/bus-tickets/bangalore-to-kadiri
Vijayawada to Rajahmundry,https://www.redbus.in/bus-tickets/vijayawada-to-rajahmundry
Bangalore to Rayachoti,https://www.redbus.in/bus-tickets/bangalore-to-rayachoti
Kurnool to Bangalore,https://www.redbus.in/bus-tickets/kurnool-to-bangalore
Tirupati to Chennai,https://www.redbus.in/bus-tickets/tirupathi-to-chennai
Hyderabad to Anantapur (andhra pradesh),https://www.redbus.in/bus-tickets/hyderabad-to-ananthapur
Anantapur (andhra pradesh) to Hyderabad,https://www.redbus.in/bus-tickets/ananthapur-to-hyderabad
Khammam to Hyderabad,https://www.redbus.in/bus-tickets/khammam-to-hyderabad
Hyderabad to Vijayawada,https://www.redbus.in/bus-tickets/hyderabad-to-vijayawada
Hyderabad to Khammam,https://www.redbus.in/bus-tickets/hyderabad-to-khammam
Hyderabad to Srisailam,https://www.redbus.in/bus-tickets/hyderabad-to-srisailam
Karimnagar to Hyderabad,https://www.redbus.in/bus-tickets/karimnagar-to-hyderabad
Hyderabad to Nirmal,https://www.redbus.in/bus-tickets/hyderabad-to-nirmal
Hyderabad to Mancherial,https://www.redbus.in/bus-tickets/hyderabad-to-mancherial
Hyderabad to Adilabad,https://www.redbus.in/bus-tickets/hyderabad-to-adilabad
Hyderabad to Karimnagar,https://www.redbus.in/bus-tickets/hyderabad-to-karimnagar
Kothagudem to Hyderabad,https://www.redbus.in/bus-tickets/kothagudem-to-hyderabad
Guntur (Andhra Pradesh) to Hyderabad,https://www.redbus.in/bus-tickets/guntur-to-hyderabad
Godavarikhani to Hyderabad,https://www.redbus.in/bus-tickets/godavarikhani-to-hyderabad
Kodad to Hyderabad,https://www.redbus.in/bus-tickets/kodad-to-hyderabad
Hyderabad to Bhadrachalam,https://www.redbus.in/bus-tickets/hyderabad-to-bhadrachalam
Hyderabad to Kothagudem,https://www.redbus.in/bus-tickets/hyderabad-to-kothagudem
Jagityal to Hyderabad,https://www.redbus.in/bus-tickets/jagityal-to-hyderabad
Hyderabad to Kurnool,https://www.redbus.in/bus-tickets/hyderabad-to-kurnool
Hyderabad to Sathupally,https://www.redbus.in/bus-tickets/hyderabad-to-sathupalli
Hyderabad to Armoor,https://www.redbus.in/bus-tickets/hyderabad-to-armoor
Hyderabad to Godavarikhani,https://www.redbus.in/bus-tickets/hyderabad-to-godavarikhani
Hyderabad to Anantapur (andhra pradesh),https://www.redbus.in/bus-tickets/hyderabad-to-ananthapur
Hyderabad to Warangal,https://www.redbus.in/bus-tickets/hyderabad-to-warangal
Hyderabad to Ongole,https://www.redbus.in/bus-tickets/hyderabad-to-ongole
Hyderabad to Guntur (Andhra Pradesh),https://www.redbus.in/bus-tickets/hyderabad-to-guntur
Kadapa to Hyderabad,https://www.redbus.in/bus-tickets/kadapa-to-hyderabad
Hyderabad to Tirupati,https://www.redbus.in/bus-tickets/hyderabad-to-tirupathi
Jodhpur to Ajmer,https://www.redbus.in/bus-tickets/jodhpur-to-ajmer
Beawar (Rajasthan) to Jaipur (Rajasthan),https://www.redbus.in/bus-tickets/beawer-to-jaipur
Udaipur to Jodhpur,https://www.redbus.in/bus-tickets/udaipur-to-jodhpur
Jaipur (Rajasthan) to Jodhpur,https://www.redbus.in/bus-tickets/jaipur-to-jodhpur
Sikar to Jaipur (Rajasthan),https://www.redbus.in/bus-tickets/sikar-to-jaipur
Kishangarh to Jaipur (Rajasthan),https://www.redbus.in/bus-tickets/kishangarh-to-jaipur
Aligarh (uttar pradesh) to Jaipur (Rajasthan),https://www.redbus.in/bus-tickets/aligarh-uttar-pradesh-to-jaipur
Jodhpur to Beawar (Rajasthan),https://www.redbus.in/bus-tickets/jodhpur-to-beawer
Kota(Rajasthan) to Jaipur (Rajasthan),https://www.redbus.in/bus-tickets/kota-rajasthan-to-jaipur
Jaipur (Rajasthan) to Aligarh (uttar pradesh),https://www.redbus.in/bus-tickets/jaipur-to-aligarh-uttar-pradesh
Jaipur (Rajasthan) to Kota(Rajasthan),https://www.redbus.in/bus-tickets/jaipur-to-kota-rajasthan
Pali (Rajasthan) to Udaipur,https://www.redbus.in/bus-tickets/pali-to-udaipur
Udaipur to Pali (Rajasthan),https://www.redbus.in/bus-tickets/udaipur-to-pali-rajasthan
Sikar to Bikaner,https://www.redbus.in/bus-tickets/sikar-to-bikaner
Jaipur (Rajasthan) to Bharatpur,https://www.redbus.in/bus-tickets/jaipur-to-bharatpur
Kishangarh to Jodhpur,https://www.redbus.in/bus-tickets/kishangarh-to-jodhpur
Jaipur (Rajasthan) to Bhilwara,https://www.redbus.in/bus-tickets/jaipur-to-bhilwara
Kota(Rajasthan) to Udaipur,https://www.redbus.in/bus-tickets/kota-rajasthan-to-udaipur
Jaipur (Rajasthan) to Pilani,https://www.redbus.in/bus-tickets/jaipur-to-pilani
Jaipur (Rajasthan) to Mathura,https://www.redbus.in/bus-tickets/jaipur-to-mathura
Bikaner to Sikar,https://www.redbus.in/bus-tickets/bikaner-to-sikar
Delhi to Shimla,https://www.redbus.in/bus-tickets/delhi-to-shimla
Shimla to Delhi,https://www.redbus.in/bus-tickets/shimla-to-delhi
Manali to Chandigarh,https://www.redbus.in/bus-tickets/manali-to-chandigarh
Chandigarh to Manali,https://www.redbus.in/bus-tickets/chandigarh-to-manali
Delhi to Manali,https://www.redbus.in/bus-tickets/delhi-to-manali
Hamirpur (Himachal Pradesh) to Chandigarh,https://www.redbus.in/bus-tickets/hamirpur-himachal-pradesh-to-chandigarh
Delhi to Hamirpur (Himachal Pradesh),https://www.redbus.in/bus-tickets/delhi-to-hamirpur-himachal-pradesh
Delhi to Chandigarh,https://www.redbus.in/bus-tickets/delhi-to-chandigarh
Manali to Delhi,https://www.redbus.in/bus-tickets/manali-to-delhi
Hamirpur (Himachal Pradesh) to Delhi,https://www.redbus.in/bus-tickets/hamirpur-himachal-pradesh-to-delhi
Chandigarh to Hamirpur (Himachal Pradesh),https://www.redbus.in/bus-tickets/chandigarh-to-hamirpur-himachal-pradesh
Shimla to Manali,https://www.redbus.in/bus-tickets/shimla-to-manali
Delhi to Dharamshala (Himachal Pradesh),https://www.redbus.in/bus-tickets/delhi-to-dharamshala
Shimla to Chandigarh,https://www.redbus.in/bus-tickets/shimla-to-chandigarh
Chandigarh to Dharamshala (Himachal Pradesh),https://www.redbus.in/bus-tickets/chandigarh-to-dharamshala
Delhi to Baddi (Himachal Pradesh),https://www.redbus.in/bus-tickets/delhi-to-baddi-himachal-pradesh
Dharamshala (Himachal Pradesh) to Chandigarh,https://www.redbus.in/bus-tickets/dharamshala-to-chandigarh
Chamba (Himachal Pradesh) to Chandigarh,https://www.redbus.in/bus-tickets/chamba-himachal-pradesh-to-chandigarh
Delhi to Dalhousie,https://www.redbus.in/bus-tickets/delhi-to-dalhousie
Delhi to Chamba (Himachal Pradesh),https://www.redbus.in/bus-tickets/delhi-to-chamba-himachal-pradesh
Dalhousie to Delhi,https://www.redbus.in/bus-tickets/dalhousie-to-delhi
Solan to Delhi,https://www.redbus.in/bus-tickets/solan-to-delhi
Delhi to Palampur,https://www.redbus.in/bus-tickets/delhi-to-palampur
Dharamshala (Himachal Pradesh) to Delhi,https://www.redbus.in/bus-tickets/dharamshala-to-delhi
Delhi to Solan,https://www.redbus.in/bus-tickets/delhi-to-solan
Chandigarh to Reckong Peo (Himachal Pradesh),https://www.redbus.in/bus-tickets/chandigarh-to-reckong-peo-himachal-pradesh
Manali to Shimla,https://www.redbus.in/bus-tickets/manali-to-shimla
Palampur to Delhi,https://www.redbus.in/bus-tickets/palampur-to-delhi
Chandigarh to Kullu,https://www.redbus.in/bus-tickets/chandigarh-to-kullu
Kangra to Chandigarh,https://www.redbus.in/bus-tickets/kangra-to-chandigarh
Kullu to Chandigarh,https://www.redbus.in/bus-tickets/kullu-to-chandigarh
Delhi to Kangra,https://www.redbus.in/bus-tickets/delhi-to-kangra
Chamba (Himachal Pradesh) to Delhi,https://www.redbus.in/bus-tickets/chamba-himachal-pradesh-to-delhi
Palampur to Chandigarh,https://www.redbus.in/bus-tickets/palampur-to-chandigarh
Chandigarh to Shimla,https://www.redbus.in/bus-tickets/chandigarh-to-shimla
Chandigarh to Kangra,https://www.redbus.in/bus-tickets/chandigarh-to-kangra
Delhi to Nalagarh,https://www.redbus.in/bus-tickets/delhi-to-nalagarh
Baddi (Himachal Pradesh) to Delhi,https://www.redbus.in/bus-tickets/baddi-himachal-pradesh-to-delhi
Kangra to Delhi,https://www.redbus.in/bus-tickets/kangra-to-delhi
Ghumarwin to Delhi,https://www.redbus.in/bus-tickets/ghumarwin-to-delhi
Delhi to Sarkaghat,https://www.redbus.in/bus-tickets/delhi-to-sarkaghat
Bareilly to Delhi,https://www.redbus.in/bus-tickets/bareilly-to-delhi
Aligarh (uttar pradesh) to Delhi,https://www.redbus.in/bus-tickets/aligarh-uttar-pradesh-to-delhi
Delhi to Bareilly,https://www.redbus.in/bus-tickets/delhi-to-bareilly
Delhi to Aligarh (uttar pradesh),https://www.redbus.in/bus-tickets/delhi-to-aligarh-uttar-pradesh
Farrukhabad (Uttar Pradesh) to Delhi,https://www.redbus.in/bus-tickets/farrukhabad-up-to-delhi
Badaun to Delhi,https://www.redbus.in/bus-tickets/badaun-to-delhi
Lucknow to Allahabad,https://www.redbus.in/bus-tickets/lucknow-to-allahabad
Lucknow to Varanasi,https://www.redbus.in/bus-tickets/lucknow-to-varanasi
Delhi to Badaun,https://www.redbus.in/bus-tickets/delhi-to-badaun
Agra to Bareilly,https://www.redbus.in/bus-tickets/agra-to-bareilly
Allahabad to Lucknow,https://www.redbus.in/bus-tickets/allahabad-to-lucknow
Sitapur (Uttar Pradesh) to Delhi,https://www.redbus.in/bus-tickets/sitapur-to-delhi
Delhi to Farrukhabad (Uttar Pradesh),https://www.redbus.in/bus-tickets/delhi-to-farrukhabad-up
Moradabad to Delhi,https://www.redbus.in/bus-tickets/moradabad-to-delhi
Delhi to Haridwar,https://www.redbus.in/bus-tickets/delhi-to-haridwar
Delhi to Sitapur (Uttar Pradesh),https://www.redbus.in/bus-tickets/delhi-to-sitapur
Bareilly to Agra,https://www.redbus.in/bus-tickets/bareilly-to-agra
Agra to Lucknow,https://www.redbus.in/bus-tickets/agra-to-lucknow
Kanpur (Uttar Pradesh) to Jhansi,https://www.redbus.in/bus-tickets/kanpur-to-jhansi
Lucknow to Agra,https://www.redbus.in/bus-tickets/lucknow-to-agra
Varanasi to Lucknow,https://www.redbus.in/bus-tickets/varanasi-to-lucknow
Bareilly to Haridwar,https://www.redbus.in/bus-tickets/bareilly-to-haridwar
Delhi to Agra,https://www.redbus.in/bus-tickets/delhi-to-agra
Delhi to Shahjahanpur (Uttar Pradesh),https://www.redbus.in/bus-tickets/delhi-to-shahjahanpur
Agra to Delhi,https://www.redbus.in/bus-tickets/agra-to-delhi
Lucknow to Ballia,https://www.redbus.in/bus-tickets/lucknow-to-ballia
Bareilly to Dehradun,https://www.redbus.in/bus-tickets/bareilly-to-dehradun
Allahabad to Azamgarh,https://www.redbus.in/bus-tickets/allahabad-to-azamgarh
Kanpur (Uttar Pradesh) to Bareilly,https://www.redbus.in/bus-tickets/kanpur-to-bareilly
Lucknow to Ayodhya,https://www.redbus.in/bus-tickets/lucknow-to-ayodhya
Aligarh (uttar pradesh) to Lucknow,https://www.redbus.in/bus-tickets/aligarh-to-lucknow
Aligarh (uttar pradesh) to Agra,https://www.redbus.in/bus-tickets/aligarh-to-agra
Lucknow to Haridwar,https://www.redbus.in/bus-tickets/lucknow-to-haridwar
Lucknow to Kanpur (Uttar Pradesh),https://www.redbus.in/bus-tickets/lucknow-to-kanpur
Lucknow to Aligarh (uttar pradesh),https://www.redbus.in/bus-tickets/lucknow-to-aligarh
Delhi to Etah (Uttar Pradesh),https://www.redbus.in/bus-tickets/delhi-to-etah-up
Delhi to Kotdwar (Uttarakhand),https://www.redbus.in/bus-tickets/delhi-to-kotdwar
Allahabad to Varanasi,https://www.redbus.in/bus-tickets/allahabad-to-varanasi
Delhi to Moradabad,https://www.redbus.in/bus-tickets/delhi-to-moradabad
Varanasi to Allahabad,https://www.redbus.in/bus-tickets/varanasi-to-allahabad
Lucknow to Jaunpur,https://www.redbus.in/bus-tickets/lucknow-to-jaunpur
Aligarh (uttar pradesh) to Haridwar,https://www.redbus.in/bus-tickets/aligarh-to-haridwar
Shahjahanpur (Uttar Pradesh) to Delhi,https://www.redbus.in/bus-tickets/shahjahanpur-to-delhi
Lucknow to Azamgarh,https://www.redbus.in/bus-tickets/lucknow-to-azamgarh
Jaunpur to Lucknow,https://www.redbus.in/bus-tickets/jaunpur-to-lucknow
Kanpur (Uttar Pradesh) to Lucknow,https://www.redbus.in/bus-tickets/kanpur-to-lucknow
Agra to Haridwar,https://www.redbus.in/bus-tickets/agra-to-haridwar
Lucknow to Gorakhpur (uttar pradesh),https://www.redbus.in/bus-tickets/lucknow-to-gorakhpur
Delhi to Haldwani,https://www.redbus.in/bus-tickets/delhi-to-haldwani
Patiala to Delhi,https://www.redbus.in/bus-tickets/patiala-to-delhi
Delhi to Patiala,https://www.redbus.in/bus-tickets/delhi-to-patiala
Ludhiana to Delhi,https://www.redbus.in/bus-tickets/ludhiana-to-delhi
Delhi to Ludhiana,https://www.redbus.in/bus-tickets/delhi-to-ludhiana
Phagwara to Delhi,https://www.redbus.in/bus-tickets/phagwara-to-delhi
Jalandhar to Delhi,https://www.redbus.in/bus-tickets/jalandhar-to-delhi
Delhi to Jalandhar,https://www.redbus.in/bus-tickets/delhi-to-jalandhar
Patiala to Delhi Airport,https://www.redbus.in/bus-tickets/patiala-to-delhi-airport
Jalandhar to Delhi Airport,https://www.redbus.in/bus-tickets/jalandhar-to-delhi-airport
Ludhiana to Delhi Airport,https://www.redbus.in/bus-tickets/ludhiana-to-delhi-airport
Phagwara to Delhi Airport,https://www.redbus.in/bus-tickets/phagwara-to-delhi-airport
Delhi Airport to Ludhiana,https://www.redbus.in/bus-tickets/delhi-airport-to-ludhiana
Delhi to Phagwara,https://www.redbus.in/bus-tickets/delhi-to-phagwara
Delhi to Amritsar,https://www.redbus.in/bus-tickets/delhi-to-amritsar
Amritsar to Delhi,https://www.redbus.in/bus-tickets/amritsar-to-delhi
Delhi Airport to Patiala,https://www.redbus.in/bus-tickets/delhi-airport-to-patiala
Amritsar to Delhi Airport,https://www.redbus.in/bus-tickets/amritsar-to-delhi-airport
Kapurthala to Delhi,https://www.redbus.in/bus-tickets/kapurthala-to-delhi
Delhi Airport to Jalandhar,https://www.redbus.in/bus-tickets/delhi-airport-to-jalandhar
Chandigarh to Bathinda,https://www.redbus.in/bus-tickets/chandigarh-to-bathinda
Chandigarh to Faridkot,https://www.redbus.in/bus-tickets/chandigarh-to-faridkot
Chandigarh to Patiala,https://www.redbus.in/bus-tickets/chandigarh-to-patiala
Patiala to Delhi,https://www.redbus.in/bus-tickets/patiala-to-delhi
Delhi to Patiala,https://www.redbus.in/bus-tickets/delhi-to-patiala
Ludhiana to Delhi,https://www.redbus.in/bus-tickets/ludhiana-to-delhi
Delhi to Ludhiana,https://www.redbus.in/bus-tickets/delhi-to-ludhiana
Phagwara to Delhi,https://www.redbus.in/bus-tickets/phagwara-to-delhi
Jalandhar to Delhi,https://www.redbus.in/bus-tickets/jalandhar-to-delhi
Delhi to Jalandhar,https://www.redbus.in/bus-tickets/delhi-to-jalandhar
Patiala to Delhi Airport,https://www.redbus.in/bus-tickets/patiala-to-delhi-airport
Jalandhar to Delhi Airport,https://www.redbus.in/bus-tickets/jalandhar-to-delhi-airport
Ludhiana to Delhi Airport,https://www.redbus.in/bus-tickets/ludhiana-to-delhi-airport
Phagwara to Delhi Airport,https://www.redbus.in/bus-tickets/phagwara-to-delhi-airport
Delhi Airport to Ludhiana,https://www.redbus.in/bus-tickets/delhi-airport-to-ludhiana
Delhi to Phagwara,https://www.redbus.in/bus-tickets/delhi-to-phagwara
Delhi to Amritsar,https://www.redbus.in/bus-tickets/delhi-to-amritsar
Amritsar to Delhi,https://www.redbus.in/bus-tickets/amritsar-to-delhi
Delhi Airport to Patiala,https://www.redbus.in/bus-tickets/delhi-airport-to-patiala
Amritsar to Delhi Airport,https://www.redbus.in/bus-tickets/amritsar-to-delhi-airport
Kapurthala to Delhi,https://www.redbus.in/bus-tickets/kapurthala-to-delhi
Delhi Airport to Jalandhar,https://www.redbus.in/bus-tickets/delhi-airport-to-jalandhar
Chandigarh to Bathinda,https://www.redbus.in/bus-tickets/chandigarh-to-bathinda
Chandigarh to Faridkot,https://www.redbus.in/bus-tickets/chandigarh-to-faridkot
Chandigarh to Patiala,https://www.redbus.in/bus-tickets/chandigarh-to-patiala
Bangalore to Kozhikode,https://www.redbus.in/bus-tickets/bangalore-to-kozhikode
Kozhikode to Ernakulam,https://www.redbus.in/bus-tickets/kozhikode-to-ernakulam
Kozhikode to Bangalore,https://www.redbus.in/bus-tickets/kozhikode-to-bangalore
Ernakulam to Kozhikode,https://www.redbus.in/bus-tickets/ernakulam-to-kozhikode
Kozhikode to Mysore,https://www.redbus.in/bus-tickets/kozhikode-to-mysore
Kozhikode to Thiruvananthapuram,https://www.redbus.in/bus-tickets/kozhikode-to-thiruvananthapuram
Bangalore to Kalpetta (kerala),https://www.redbus.in/bus-tickets/bangalore-to-kalpetta
Mysore to Kozhikode,https://www.redbus.in/bus-tickets/mysore-to-kozhikode
Kalpetta (kerala) to Bangalore,https://www.redbus.in/bus-tickets/kalpetta-to-bangalore
Kozhikode to Thrissur,https://www.redbus.in/bus-tickets/kozhikode-to-thrissur
Thiruvananthapuram to Kozhikode,https://www.redbus.in/bus-tickets/thiruvananthapuram-to-kozhikode
Bangalore to Kannur,https://www.redbus.in/bus-tickets/bangalore-to-kannur
Kozhikode to Kottayam,https://www.redbus.in/bus-tickets/kozhikode-to-kottayam
Kannur to Bangalore,https://www.redbus.in/bus-tickets/kannur-to-bangalore
Kottayam to Kozhikode,https://www.redbus.in/bus-tickets/kottayam-to-kozhikode
Thrissur to Kozhikode,https://www.redbus.in/bus-tickets/thrissur-to-kozhikode
Kozhikode to Kalpetta (kerala),https://www.redbus.in/bus-tickets/kozhikode-to-kalpetta
Coimbatore to Ooty,https://www.redbus.in/bus-tickets/coimbatore-to-ooty
Kalpetta (kerala) to Kozhikode,https://www.redbus.in/bus-tickets/kalpetta-to-kozhikode
Gangtok to Siliguri,https://www.redbus.in/bus-tickets/gangtok-to-siliguri
Siliguri to Gangtok,https://www.redbus.in/bus-tickets/siliguri-to-gangtok
Siliguri to Rangpo,https://www.redbus.in/bus-tickets/siliguri-to-rangpo
Rangpo to Siliguri,https://www.redbus.in/bus-tickets/rangpo-to-siliguri
Siliguri to Pelling (Sikkim),https://www.redbus.in/bus-tickets/siliguri-to-pelling-sikkim
Pelling (Sikkim) to Siliguri,https://www.redbus.in/bus-tickets/pelling-sikkim-to-siliguri
Ravangla (Sikkim) to Siliguri,https://www.redbus.in/bus-tickets/ravangla-sikkim-to-siliguri
Siliguri to Jorethang (Sikkim),https://www.redbus.in/bus-tickets/siliguri-to-jorethang-sikkim
Singtham (Sikkim) to Siliguri,https://www.redbus.in/bus-tickets/singtham-sikkim-to-siliguri
Siliguri to Singtham (Sikkim),https://www.redbus.in/bus-tickets/siliguri-to-singtham-sikkim
Siliguri to Namchi (Sikkim),https://www.redbus.in/bus-tickets/siliguri-to-namchi-sikkim
Siliguri to Ravangla (Sikkim),https://www.redbus.in/bus-tickets/siliguri-to-ravangla-sikkim
Jorethang (Sikkim) to Siliguri,https://www.redbus.in/bus-tickets/jorethang-sikkim-to-siliguri
Namchi (Sikkim) to Siliguri,https://www.redbus.in/bus-tickets/namchi-sikkim-to-siliguri
Siliguri to Melli (Sikkim),https://www.redbus.in/bus-tickets/siliguri-to-melli-sikkim
Guwahati to Shillong,https://www.redbus.in/bus-tickets/guwahati-to-shillong
Shillong to Tura (Meghalaya),https://www.redbus.in/bus-tickets/shillong-to-tura-meghalaya
Shillong to Guwahati,https://www.redbus.in/bus-tickets/shillong-to-guwahati
Tura (Meghalaya) to Shillong,https://www.redbus.in/bus-tickets/tura-meghalaya-to-shillong
Shillong to Silchar,https://www.redbus.in/bus-tickets/shillong-to-silchar
Silchar to Shillong,https://www.redbus.in/bus-tickets/silchar-to-shillong
Shillong to Karimganj,https://www.redbus.in/bus-tickets/shillong-to-karimganj
Shillong to Williamnagar (Meghalaya),https://www.redbus.in/bus-tickets/shillong-to-williamnagar-meghalaya
Karimganj to Shillong,https://www.redbus.in/bus-tickets/karimganj-to-shillong
Williamnagar (Meghalaya) to Shillong,https://www.redbus.in/bus-tickets/williamnagar-meghalaya-to-shillong
Shillong to Hailakandi,https://www.redbus.in/bus-tickets/shillong-to-hailakandi
Shillong to Ramkrishnanagar,https://www.redbus.in/bus-tickets/shillong-to-ramkrishnanagar
Hailakandi to Shillong,https://www.redbus.in/bus-tickets/hailakandi-to-shillong
Ramkrishnanagar to Shillong,https://www.redbus.in/bus-tickets/ramkrishnanagar-to-shillong
Shillong to Phulbari,https://www.redbus.in/bus-tickets/shillong-to-phulbari
